{"cameraMode":{"drawMode":0,"name":"Shaded","section":"Shading Mode"},"sceneLighting":true,"audioPlay":false,"sceneViewState":{"showFog":false,"showMaterialUpdate":false,"showSkybox":false,"showFlares":false,"showImageEffects":false,"showParticleSystems":false},"in2DMode":false,"pivot":{"x":497.1356201171875,"y":-123.09513854980469,"z":470.2025451660156},"rotation":{"x":0.08073553442955017,"y":0.4053492546081543,"z":-0.03596757724881172,"w":0.9098830223083496},"size":1157.8914794921875,"orthographic":false}