{"cameraMode":{"drawMode":0,"name":"Shaded","section":"Shading Mode"},"sceneLighting":true,"audioPlay":false,"sceneViewState":{"showFog":false,"showMaterialUpdate":false,"showSkybox":false,"showFlares":false,"showImageEffects":false,"showParticleSystems":false},"in2DMode":false,"pivot":{"x":161.62750244140626,"y":111.96631622314453,"z":328.89947509765627},"rotation":{"x":-0.011813509277999401,"y":-0.17547251284122468,"z":-0.002105805091559887,"w":0.9844135642051697},"size":706.5431518554688,"orthographic":false}