{"cameraMode":{"drawMode":0,"name":"Shaded","section":"Shading Mode"},"sceneLighting":true,"audioPlay":false,"sceneViewState":{"showFog":false,"showMaterialUpdate":false,"showSkybox":false,"showFlares":false,"showImageEffects":false,"showParticleSystems":false},"in2DMode":false,"pivot":{"x":-5.807722091674805,"y":1.452916145324707,"z":-6.7298455238342289},"rotation":{"x":-0.013087376952171326,"y":-0.7818464636802673,"z":-0.016421202570199968,"w":0.6231176257133484},"size":18.794919967651368,"orthographic":false}