{"cameraMode":{"drawMode":0,"name":"Shaded","section":"Shading Mode"},"sceneLighting":true,"audioPlay":false,"sceneViewState":{"showFog":false,"showMaterialUpdate":false,"showSkybox":false,"showFlares":false,"showImageEffects":false,"showParticleSystems":false},"in2DMode":false,"pivot":{"x":345.9622802734375,"y":105.06175231933594,"z":522.4017944335938},"rotation":{"x":0.06884834170341492,"y":0.0529509037733078,"z":-0.0036595650017261507,"w":0.9962174296379089},"size":1254.9608154296875,"orthographic":false}